id,xcenter,ycenter,aperture_sum,residual_flux
1,2763.5499999999315,1269.0399999994856,23.198807294081547,14.231807250331318
2,2758.2999999999465,1271.15999999947,22.004702643282982,11.31100199291596
3,2755.959999999168,1275.429999997264,23.313327132357095,16.0281467729531
4,2766.110000000439,1289.3600000002348,1.9308464133352645,0.4529141600503488
5,2485.8399999999237,1392.169999999935,0.4630701218391557,0.44314802151228305
6,2648.970000000528,1406.6300000004408,1.1238857827659174,0.6137185925061087
7,2581.5899999989897,1600.2899999990213,1.8061918378926003,1.5596725162990648
8,2560.229999999939,1606.9299999997934,0.9219503099711845,0.42771776178460685
9,2880.109999999692,1653.4199999994626,0.30501356049710626,0.2871695704118665
10,3405.9999999998868,1667.369999999752,2.4180786785122677,2.4042443618231624
11,3567.95000000022,1679.0799999996839,0.346402051482472,0.2911242581976447
12,2948.2299999997604,1728.8499999996754,0.7833416908956081,0.63456222003346
13,3582.370000000124,1753.770000000385,0.8386121112109298,0.8406683824628811
14,4010.659999999603,1754.4800000013465,0.10668926399156266,0.28952213228582957
15,3774.93999999973,1784.1800000004164,1.111950011555512,1.0858619134072234
16,2582.49000000063,1793.1100000013741,0.35882064354872273,0.31658092478060407
17,2391.320000000241,1799.2400000002444,0.1801665679898363,0.2341596822083382
18,3529.929999999828,1826.7100000000705,0.168911218004565,0.19139946682182252
19,2268.1599999994455,1854.6200000001866,1.366470704869904,1.1656778604934008
20,3213.4499999999643,1871.1200000000927,0.25319339645768435,0.34045736104350727
21,2302.9900000003677,1874.7000000007813,0.37605840518488526,0.33910742054234283
22,3980.32999999991,1890.6400000002297,0.027850224690069904,0.28152557976683784
23,2308.1000000007225,1921.2600000013128,0.7793137622870874,0.5405722260638177
24,3585.4599999998377,1924.6799999998411,0.2958961400731478,0.3378740447813742
25,3495.31999999976,1937.3399999990029,2.1717664491070723,2.0672307119168787
26,3807.629999999771,1944.4300000018668,0.24045162554474123,0.37486281827614665
27,2742.300000000186,1971.1600000003843,2.0203735611402527,1.7438973287268518
28,2855.820000000207,1977.8199999995913,0.7093194686397453,0.6147898804515358
29,4169.510000000046,2000.830000000431,2.8036498396227065,2.71269270323574
30,2220.2099999996663,2020.8200000002084,0.6525648833129369,0.4727792499710942
31,2881.5999999998353,2024.4600000006128,0.2703599028021436,0.29208533493073846
32,5181.350000000351,2045.9299999996192,0.3134096188933686,0.36410502610342266
33,2607.7300000001032,2063.5200000005325,0.5933064560759465,0.6297895117416544
34,2554.839999999455,2066.8499999998257,0.3610114878869084,0.21889318628348287
35,3121.6900000002684,2105.7300000000123,1.6124925082040293,1.5000220437920264
36,2138.0699999996878,2122.879999999678,6.91741783789727,6.154289922190744
37,5149.259999999659,2132.140000000578,0.3999915570456109,0.501950323077469
38,2929.139999999353,2194.5999999995383,0.3237941552732775,0.5039206719342787
39,3507.5400000000477,2197.8999999998578,0.6327701811723302,0.7722451243949833
40,3294.6799999998143,2206.2500000000246,0.5575365376986914,0.5578391019588501
41,5181.070000000362,2232.1499999988937,0.4067394348269078,0.42880336864402807
42,4805.790000000629,2233.409999997778,0.34166886695071536,0.46654350153190927
43,5245.109999999939,2241.8599999999333,0.5732856539259528,0.6141866110092736
44,5631.019999999638,2262.770000000263,0.578577184368863,0.49994404438867107
45,3274.059999999704,2270.9199999989814,0.5873015351962303,0.5395452708475597
46,3627.370000000234,2301.2599999998693,0.4595065343125833,0.4962416566150214
47,5340.320000000844,2311.0999999981077,0.7360881566732981,0.7038397470661673
48,5397.779999999829,2348.620000000348,5.170745287668483,4.876897687187875
49,3037.759999999791,2348.8400000001902,1.0068003229333338,0.9548039134170259
50,3874.899999999932,2372.2799999997023,1.7243806456847408,1.6745652641598603
51,3070.9799999995967,2378.8200000005654,0.1031536511185603,0.2416617810409873
52,4091.709999999868,2405.700000000231,0.4811187656261664,0.5356094212092632
53,2394.2199999995682,2411.500000000444,0.1791613668406394,0.2013743347970584
54,5288.480000000094,2419.9299999991144,3.225487600260065,2.8277507436435085
55,5728.240000000806,2420.7000000010594,0.709137241503256,0.36334981132597377
56,3386.7799999995077,2422.58999999718,0.663299539714337,0.7281507713141542
57,5306.689999999579,2433.399999999843,3.260188840334317,2.885801864951181
58,5272.269999999864,2436.369999999937,11.40478486833546,10.656684328019436
59,3647.819999999932,2446.780000000118,0.4981894713453937,0.4813673310014402
60,5236.289999999868,2485.370000000078,0.6373101592208471,0.6308571251689341
61,3996.5100000001557,2490.12000000041,0.18894903195935545,0.3242490995673959
62,5609.100000000055,2491.160000000499,1.1256709372269578,0.8415761668537278
63,5585.5499999997555,2515.0500000003267,1.2578598397464424,1.1584653701506809
64,2100.5800000004665,2516.9199999999373,0.9285896637305547,0.73684949101702
65,2114.3700000010367,2565.5400000009604,1.514156715081684,1.3646431636307041
66,3822.150000000227,2570.4899999991453,0.45343917676490975,0.44286917442474244
67,5873.200000000536,2570.7800000000316,0.62909791769105,0.6367576375262693
68,5586.149999999701,2604.2799999999306,0.5767450131774411,0.6789485956240284
69,5223.489999999845,2617.749999999474,0.4474960764089471,0.4512401062828196
70,4874.800000001422,2624.2799999996146,1.249788350793552,0.5399444992450316
71,4884.559999998197,2638.100000000364,4.910693111083971,4.12964639166163
72,5569.689999999624,2696.3200000001625,0.5362102357626172,0.5169637841506541
73,2042.8700000004008,2702.0800000001714,0.5865359677627121,0.5317853545627657
74,4941.63000000049,2712.959999999009,4.641449455179904,4.393088893188459
75,5334.3599999996795,2749.9000000006836,0.04869516299834253,0.13503094117290432
76,2010.1200000008464,2769.650000001395,5.599400332461052,5.084523248186681
77,3607.8699999998757,2800.88000000027,0.5201563850378191,0.5166203474619465
78,1877.6600000008773,2833.1099999997896,1.152486598676806,1.1280891466764298
79,3805.970000000087,2838.9599999990696,0.05978729814509704,0.22090920988516347
80,5908.110000000064,2853.4900000005964,1.2323774095095084,1.206048180037132
81,5925.1200000000335,2890.0699999997896,2.144084079434468,2.0154573291568805
82,3434.1200000002536,2895.290000000398,0.44068036841722746,0.45628413060512607
83,5937.690000000543,2928.8800000000983,0.427159470259197,0.40252431674616995
84,2664.8400000000765,2931.029999999917,-0.06434466403524167,0.026933214214768242
85,2200.5300000001034,2936.0599999996616,1.2354482734688623,1.1652684476145632
86,5604.960000000767,2947.8000000005322,2.4296848418525943,2.10026064193239
87,6203.8999999998505,2947.9399999998896,1.8759447838904688,1.322487343149393
88,6216.660000000482,2948.739999999682,1.624144791936194,1.3017242245453964
89,1892.3300000004788,2954.8600000005586,4.020272204230366,3.1017359496341586
90,6195.589999999056,2961.720000000437,2.7210992328542507,2.2091702210932187
91,2154.880000000644,3024.0199999996166,0.3624599774178711,0.22742556988135326
92,6102.7200000002995,3052.2000000002945,1.7988189276359128,1.602483840417174
93,4877.749999999534,3077.610000000252,0.06301858893815834,0.16303751389356358
94,4085.9499999999716,3091.3399999995763,3.2178146841114232,3.11014232182249
95,3332.989999999709,3100.2899999988126,0.37197705107846235,0.30580298458297633
96,4063.149999999383,3104.620000001487,0.4073073755675233,0.45632204351089767
97,1822.1199999999778,3117.1800000008466,3.314423590959879,2.04723355812863
98,4313.380000000232,3184.04999999991,0.08810636331492824,0.01972752420467022
99,5408.079999998389,3187.3600000002243,5.307730614065945,3.9398988393878964
100,1808.2800000001023,3200.9299999996488,11.951197286210911,10.473414039909878
101,4608.360000000179,3239.460000000043,0.3402738597237976,0.41844204337669216
102,3639.320000000091,3259.4700000008834,0.31222545010828495,0.3187208831834303
103,1787.8700000007925,3263.6500000005053,3.5852962089867346,2.672192272462665
104,1813.709999998249,3264.1600000009867,9.631189778506728,8.059964079403894
105,5883.870000000314,3271.930000000107,0.43581679673193463,0.2670372286025996
106,2527.3200000001734,3281.9800000002538,0.2760167713034143,0.3697179265383517
107,4320.249999999198,3290.5399999998804,0.6543132185596603,0.45061151957768686
108,3654.4400000000956,3295.7400000027656,0.7154341258866416,0.5746628851022776
109,1792.8900000012118,3309.6300000004367,10.51700994511105,8.262015118610904
110,1797.05000000009,3316.780000000051,22.457020290848355,17.6270102625949
111,1754.9999999987917,3326.5999999996575,2.886296148182923,2.3352284836027595
112,2592.7299999998286,3336.0400000004156,0.2406804695346949,0.2615510045219638
113,4372.950000001038,3337.5699999993326,0.6663172531925551,0.27847333912533667
114,1792.7600000000198,3339.6099999992693,4.568825448131251,2.6975335763764603
115,5990.409999999829,3339.659999999196,3.5464238179703047,3.319256632116615
116,5931.619999999763,3355.010000000144,0.3803476191936537,0.3568304496205738
117,5590.74000000015,3356.0700000004563,0.15426680526634254,0.2117699076099386
118,1817.9500000007354,3364.939999999752,3.258943988760804,1.8648347880024836
119,2148.660000000401,3371.1900000007054,0.26606069729832005,0.2902770641786314
120,2624.3900000004187,3377.339999999708,0.737856243086886,0.7278391360970293
121,2323.079999999449,3377.8400000001934,0.24948730436536867,0.34921768335881925
122,3934.90000000015,3379.909999999655,0.10928011284460559,0.06815148474644458
123,3652.149999999928,3387.979999999979,0.09201034080419423,0.08454644059993419
124,4108.159999999903,3390.720000000337,0.7628344068492007,0.1954133545247967
125,1609.2200000001762,3397.8100000000195,0.9006295004611736,0.690574757878005
126,5759.189999999862,3408.729999999928,2.6832171070142503,2.5324864779413883
127,4753.48000000094,3409.099999999783,0.11973250769994474,0.1012131256419184
128,3026.540000000805,3414.0200000005457,0.6876821302213397,0.4648355851396806
129,1619.3999999997986,3414.7900000006816,1.095537519518482,0.9547088913837045
130,4272.910000001159,3433.8699999995265,1.9843514017142208,1.56022429877512
131,2581.8000000003726,3436.6999999997515,0.5775403327887758,0.6443319642997521
132,3578.3100000004074,3455.559999999811,0.5443944907819647,0.4291392447726304
133,4252.350000000379,3466.769999998659,0.7222195768527752,0.26869479571380644
134,5748.6599999996015,3472.630000000607,0.3441056925635488,0.22461248406035156
135,4267.640000000229,3484.9999999999272,0.5662446095107478,0.1546505247135876
136,5397.569999999619,3489.28000000035,0.048292924044242465,0.08167634595776307
137,1641.5700000000234,3491.220000000892,0.35464519312950027,0.21075189205879366
138,4178.559999998951,3499.1700000004435,1.0134237751501862,0.5667677337903712
139,5288.04000000147,3499.979999999669,0.1873440836237846,0.2727504436100625
140,4469.070000000243,3500.0899999999992,1.9396614766541067,1.7142235301901785
141,5477.260000000415,3504.270000000457,0.2473683918857228,0.2889224307096624
142,4819.450000000503,3505.3700000003682,0.03986435292922167,0.10252736044357949
143,4264.370000000925,3508.449999999029,1.5829832331055138,1.0398724852885861
144,4243.809999999964,3511.2900000000127,0.5129268035520858,0.04930704502535993
145,2800.1400000000103,3513.619999999422,0.2574856390015594,0.37251697076968104
146,5235.830000001159,3524.18000000042,1.0168146262337598,0.9358990736504931
147,4581.61000000006,3525.9699999999816,0.19835321041633147,0.24004222683977272
148,4702.559999999662,3526.670000000434,0.8834066045041278,0.9752925534312935
149,1774.290000000235,3526.7800000009356,10.10856101539961,8.824898197302163
150,4154.889999999426,3532.3299999998812,2.743661972008147,2.3581245648047693
151,4369.6699999988705,3537.410000000317,0.4549308836487048,0.32862904959606715
152,2863.1000000008967,3538.180000000036,0.45198376165979,0.1681036189238055
153,4176.929999999722,3539.2199999997342,0.6018858116621689,0.49013737924569684
154,5914.759999999713,3545.3500000005706,0.8819004929063299,0.7959707622738494
155,5705.77999999981,3557.499999999932,1.064357859579205,0.9513522070687552
156,5543.080000000173,3566.45000000042,0.02348973249013332,0.061084041209705786
157,3984.5899999987637,3569.0200000007635,1.2853661246713413,0.47486555099488903
158,4138.510000000158,3569.2200000000626,0.8505106295475415,0.3362897752134959
159,1882.0699999999863,3569.369999999924,1.0615818436579438,0.8750594959677651
160,4463.929999999588,3573.660000000541,0.10365110670565465,0.1100603614711275
161,2295.109999998487,3574.289999998864,0.2742937018596786,0.26069424057610063
162,2893.730000000501,3586.41000000019,0.2094332232457605,0.24233255678934312
163,4084.94000000067,3586.5299999995145,0.5659058418800604,0.17766416623876163
164,5886.329999999189,3588.9900000000503,1.0993868465788474,0.8528185230813289
165,4013.2800000003754,3594.430000000237,0.6526249712271315,-0.016717279392854945
166,4043.6699999993093,3600.179999999566,0.7341760264729683,0.21368751614017822
167,3966.9599999991283,3601.1299999993107,5.30794234233397,3.984321450039488
168,4098.089999999733,3607.9300000002368,0.25059538697703165,0.14060186523677612
169,5187.949999999992,3608.400000000349,7.010891304518077,6.649156300071743
170,3996.8000000008938,3610.839999998678,2.892394362585504,1.611133819821039
171,4763.969999998913,3613.940000000283,0.9302762863741348,0.8889364597187062
172,3977.4199999998905,3635.9500000002117,1.0563810347935616,0.23263241543140156
173,3904.089999998601,3637.8599999999674,1.290012267678597,0.4251844405168298
174,3986.619999999873,3646.2100000000437,7.243291580877899,6.525222361246925
175,2467.510000001269,3649.710000000472,0.03335270218861367,0.01560368218497334
176,1525.1238939157347,3653.4327065170664,0.3031990232240035,0.316927959340728
177,3891.969999999582,3657.1199999992077,1.1347266932929418,0.3093126879893441
178,3452.7899999995716,3661.880000000269,0.8074763788710526,0.5020283646723646
179,4421.000000001488,3672.4399999997268,0.705474971922619,0.8248215433692228
180,3839.4599999996362,3673.3599999992675,0.9581951345120546,0.35985129433512975
181,3446.869999999539,3675.1599999993864,2.8143606098736558,2.4190401428237096
182,4186.210000000231,3682.0599999985934,0.11678430768746194,0.030771076616853132
183,4163.3799999995035,3689.9199999991915,0.518021302189008,0.2579085692096114
184,4148.850000001734,3700.059999999165,0.6773913417823025,0.07272830407686448
185,5013.7400000016005,3719.3600000014226,0.318655864148569,0.4511997472818916
186,4432.029999999468,3720.91000000031,-0.005201378689328202,0.09690678053678467
187,2910.1499999997836,3721.84999999947,0.6400514603081621,0.5859767532967071
188,4109.929999998537,3729.2899999985907,1.5533148276928197,0.3734494412893219
189,4088.0600000001286,3731.5299999996305,15.354658645704491,12.654765760648713
190,4067.0399999997985,3747.269999999244,16.131029196736275,9.754122756712462
191,4191.580000001533,3749.379999999667,6.076258208861119,4.876442645806971
192,3870.4599999983675,3754.5699999994754,0.9881431543336688,0.07822449371198337
193,5242.189999999376,3761.080000000592,1.169115204827509,0.9813143662144803
194,3558.7300000012506,3762.0499999993976,0.47870688289546365,0.0793679788386295
195,4284.779999998916,3762.4199999996104,0.897960162852729,0.30514950017199927
196,4196.300000000134,3763.84000000023,1.1681464944651614,0.7448220537144483
197,4693.489999999475,3764.629999999826,0.22425034578509612,0.23376332169586986
198,4029.5499999998065,3772.970000000694,17.535937900334755,13.686700172772925
199,2735.880000000093,3775.4600000000046,0.307028588825376,0.28046994307689094
200,5142.540000000251,3775.799999999389,1.7875551041881483,1.4625095234092922
201,4124.789999999659,3776.510000000341,26.91444626573016,16.08984342475004
202,4055.1999999992177,3777.3899999996224,4.698740559483447,0.4341322182511558
203,3821.2500000002633,3777.7700000001987,0.5515559380906703,-0.12430692461898285
204,3759.870000000378,3778.160000000435,1.7854812831606288,0.639095607938629
205,3773.9500000004964,3779.2100000014925,1.3071394621419357,0.4834931768252565
206,4119.909999998399,3782.4300000000794,19.267810410405545,12.40387143684752
207,4086.2499999994698,3785.8499999999713,30.333631920300622,14.305556522876564
208,4324.979999999894,3787.7000000006374,0.47825503882492654,0.2788269097628654
209,5289.1600000016915,3789.930000000675,0.5057927512760808,0.3719396266818819
210,4074.6799999996842,3790.54999999997,61.25564555254935,41.08211440825397
211,2715.8800000000774,3793.1299999996463,0.5441281885785346,0.5232022250881604
212,4215.410000000191,3796.869999999912,1.9338168244596088,1.186259459774745
213,4097.690480396394,3798.677894066811,59.65804085516721,39.84692016215037
214,4089.666434369334,3799.0267403865496,778.1310200451198,734.3528262292259
215,4057.430000000004,3799.940000001102,34.52217231816543,21.95638218970011
216,4017.240000000625,3801.879999999603,47.77120804939692,35.952372937874834
217,3768.2999999990293,3803.03999999861,1.3922714266407383,0.12438893031417697
218,3977.3299999995425,3806.4900000000653,4.785354777351064,0.8090288387522668
219,4176.049999998485,3810.7199999999316,1.4476405075098207,0.4657196873891821
220,3607.8999999997277,3811.690000001395,5.310131289928553,4.664867196271881
221,3986.8900000000194,3814.1100000004826,13.104999166545623,4.56265638724642
222,5724.830000000414,3814.5500000005277,0.5466485882200217,0.433042963746903
223,4129.7600000002985,3815.740000000446,11.894677541312733,9.061979033672563
224,4004.9099999997115,3817.610000000759,13.040864602730895,3.7594337011247685
225,3991.2900000004793,3823.6700000011524,16.961830513536515,11.11278498876432
226,4174.219999999961,3825.970000000189,14.897598206195365,12.859522063686242
227,3757.229999999252,3826.1199999989917,3.117560668929969,1.6303411562905656
228,1839.2400000001762,3826.7699999999036,0.3928193334450469,0.3173666475892496
229,3774.45000000014,3831.040000001315,1.8031248831829707,0.9013424813776946
230,4283.070000000263,3833.490000000479,3.8875851601190945,3.2400659957982483
231,3953.6500000000315,3839.539999999438,9.090817651956511,4.79768947699867
232,4145.130000000523,3841.069999999844,23.737949485995806,13.469437151045929
233,3831.9599999997854,3842.1699999998227,1.0211781509478957,0.18401253641688942
234,4379.529999999321,3842.730000000974,0.9839546320098957,0.19648703640086074
235,5364.010000000984,3843.9800000006994,0.2425714515501317,0.14265115067995837
236,4299.049999999738,3844.0199999999413,0.711775375132084,0.3134587582290418
237,4066.5299999999593,3845.930000000359,10.997420470166764,6.430234980284573
238,3751.290000000037,3847.8599999995054,1.6418669254203495,0.6913501580902769
239,3872.2000000003204,3849.759999999176,2.288566211899956,0.65388497819083
240,3992.5900000008464,3851.8999999995735,8.012783969801694,4.680319876918885
241,3761.2300000002374,3858.8100000006293,1.2737479258879918,0.2336950013147232
242,4117.528532910644,3859.8974899041414,147.0374647301464,115.91085236374492
243,3522.5899999996445,3860.5899999998273,1.1492117461458533,0.8627760844822479
244,4083.5200000001587,3862.320000001555,52.45601201069853,37.996117382983776
245,4096.659999998924,3863.329999999009,140.73010119963686,102.92636707313558
246,4113.05573456185,3863.9076497368624,784.5401386732519,739.2281483269302
247,4026.320000000488,3864.0600000002823,2.8867153716038843,0.8043046189517216
248,3953.190000000191,3864.610000000512,13.83000950745478,8.754767033977073
249,3963.539999999814,3865.3400000002925,6.155809113531196,1.6633321581879121
250,4055.9799999989764,3868.389999999334,5.392395560052425,1.6109318076401267
251,3774.729999999774,3869.7099999998973,1.6964094578942324,0.6071974300127052
252,3498.3199999997455,3871.0800000004388,0.7704801820329553,0.4021337007292152
253,4076.7299999986963,3872.449999999679,37.91914317317449,25.07552650379857
254,4104.530000001702,3877.9300000002077,31.37444836188284,17.742512374288793
255,4152.68000000104,3883.6900000010523,39.10215739686555,31.252251148372945
256,3763.2000000000035,3885.7099999993907,1.6163895806923492,0.3650280874118783
257,3769.7899999997394,3886.939999999524,1.4038965787151658,0.17750080064837226
258,4146.679999999454,3887.3099999998567,17.451391122526744,11.864735333465962
259,3879.8399999994563,3888.789999999749,4.926845218714445,1.6734286988003402
260,4599.330000000968,3890.209999999228,0.674513061346731,0.26214856877899473
261,4350.9200000001165,3891.5300000000884,3.1307481346341994,1.8282911026423059
262,4326.959999999846,3893.0900000005136,7.828907547882979,6.426136420880662
263,4150.650000000759,3896.1499999998778,4.721955396843502,2.220645799807336
264,3552.110000000075,3904.7100000000833,0.35018289637606664,-0.09061749352950416
265,4309.459999999968,3912.4600000011555,2.0386788985964626,0.37175335876541804
266,3912.159999999845,3913.0599999994843,34.9557241967829,27.6843803740462
267,3894.740000000818,3913.22000000071,14.581948305657477,8.043241721665359
268,4845.060000000069,3913.620000000143,0.5295180020103701,0.5109559619926114
269,4321.369999998863,3916.5899999990884,2.751138598821707,1.164985798585195
270,3581.889999999954,3917.0200000002287,0.664147171861803,0.27059032862815374
271,5736.840000001075,3918.9700000004955,0.48903480019580403,0.28878039159588353
272,4330.720000000062,3923.850000000285,3.474121367959706,1.7365796255146615
273,4917.020000000256,3934.0200000006403,0.2550883827692319,0.15798934867328684
274,4069.470000000009,3936.5499999998256,26.60087375173022,13.743147155556358
275,4203.759999999866,3940.0000000002237,1.944073974642458,1.434705958974336
276,4064.370000001256,3941.990000001056,51.6881384210001,35.661153588042424
277,4373.97999999992,3943.1400000003823,1.0182615789054903,0.14723378789034247
278,4318.53999999854,3945.6499999994535,3.0549849275723773,1.4076264437020396
279,3830.549999999908,3947.7699999996776,5.013454276333314,2.0164663701345367
280,3855.999999999093,3950.6299999993253,51.844431248137596,40.791822536220614
281,4020.8600000000442,3956.2799999998897,7.981181917922165,4.212587350523078
282,4301.699999999727,3957.3900000007648,15.201785184716284,13.144240387968138
283,3832.3400000000697,3958.140000000628,4.7786007001040085,0.9321275834250327
284,5682.679999999,3958.9599999991124,0.75241083632596,0.5625702627383535
285,3841.479999999936,3958.969999999848,12.753974332570527,7.135326842378411
286,4108.880000000457,3965.359999999336,0.36775497794948914,-0.040869429960137316
287,3787.0300000002144,3966.7800000001766,3.1719251325319306,1.7983060071189223
288,4321.43999999868,3967.979999999272,4.4555581100452395,3.3362634306090975
289,3845.1800000003295,3973.090000001162,9.6725738403171,3.145856724328734
290,3855.509999999217,3974.8699999986356,23.385239486209137,14.023816879415982
291,4046.2799999995837,3979.239999999857,0.5530859686106833,0.05888026789669626
292,4258.69000000095,3980.209999999821,27.251576053575718,24.3374182413314
293,3684.1199999999917,3980.960000000146,1.5496847098318782,0.8048038064380845
294,5614.729999999812,3981.060000000284,1.0213781660180918,0.896857434726962
295,4378.5399999999645,3983.870000000643,4.844862902273151,4.191395278975112
296,1662.220000000276,3987.309999999813,2.9007941363298326,1.9897121164381355
297,3290.510000000112,3989.1600000002827,0.075126944256051,0.026974906438969604
298,4284.799999998283,3990.8499999997557,2.9968459720774843,1.56060824163966
299,3890.0800000009244,3993.470000001752,4.816785147821774,2.5559882711858077
300,3831.969999999744,3996.959999998731,12.090112723009627,6.457418035946805
301,1661.850000000265,3997.0299999989325,3.8643269977494556,2.9391005495998326
302,3706.920000000104,3997.189999999647,3.285288563296549,2.16924605608072
303,4166.029999999597,3999.959999999641,1.8172237779050198,1.2095450223542572
304,3831.672427067912,4004.283389803349,12.273701536030563,5.584403803426932
305,4091.0699999997337,4016.4799999996,2.918509821968145,1.0676215612485092
306,4131.2590290460985,4019.9507856091436,13.164219235614764,5.463196383684658
307,4288.9000000000315,4024.06000000077,1.5061035149279363,0.8204782370716497
308,4126.269999999963,4032.239999999932,9.990264539299998,6.937169020016782
309,4431.360000000163,4035.9999999999427,0.5717461201273799,0.15211279724082738
310,5750.209999999484,4036.259999999856,0.2963508798749266,0.18285382147830645
311,4204.820000000467,4042.4500000002254,1.1610551269766722,0.008475573640501555
312,3677.270000000045,4046.0800000000318,0.5459495955438247,0.015838876133118185
313,3758.729999999941,4048.359999999387,3.2133240688625073,1.2703126967883673
314,4253.959999999383,4049.899999999757,15.024412449521993,12.12812723618887
315,3838.760000000232,4054.2000000001976,3.709872805673881,2.2953229176846044
316,4201.130000000308,4054.9900000001157,1.3393502519351295,0.3267506586975919
317,3784.7299999997995,4055.2299999994325,12.471131291427325,10.017979085025491
318,4085.2800000012685,4056.530000001944,19.844747009622775,10.601943511928782
319,4215.610000000093,4057.810000000434,3.843930452005065,2.7389454520530823
320,3885.860000000394,4058.5400000017435,5.430974079098527,4.113489718529508
321,3874.630559530323,4060.2600882021643,3.9725004000839603,2.53444368900972
322,4460.879999999999,4060.830000000317,1.0375312849263811,0.5199507514482137
323,3844.73027594631,4062.6965708701,1.7925370206361109,0.8513839120942974
324,3704.400000000095,4066.4800000023415,1.0653185963997154,0.5060419718262754
325,4096.669999999992,4067.359999999528,33.61282839394389,24.311327660691575
326,4220.889999998759,4073.849999999828,2.904596566496848,1.6637890089673064
327,2998.859999999931,4075.6199999994924,0.0581929900034122,-0.02216670344894775
328,3497.530000000247,4075.730000000401,2.046331917347786,1.8804870272538565
329,3718.1099999998733,4075.859999999339,0.5216367950894185,0.06997635675066782
330,4038.8500000003096,4077.1800000002227,50.70400876281437,41.93718010413723
331,4735.199999999734,4080.5199999999086,0.7174734892725877,0.5406065530490525
332,4045.3999999997395,4086.179999999581,29.963825825837073,7.163893370436384
333,4565.989999999771,4086.6400000003036,0.6799328473089823,0.49543344614550344
334,4063.9199999995594,4088.4099999992673,60.9134821780197,44.274316921404434
335,4082.3499999998153,4089.749999999586,15.297862277880569,6.377895073785467
336,4051.5299999996623,4092.5200000001005,72.46081099181808,54.16846834838039
337,3961.950000000237,4093.1599999996192,1.0069895579732797,0.30804830821902884
338,3679.74999999984,4094.339999999297,0.687371590553927,0.48046875763759045
339,4064.69999999911,4101.079999999954,22.604476761216308,11.867531035278306
340,4073.299999999179,4102.529999999197,12.496371262855419,2.984787816026259
341,1793.7099999995285,4103.700000000402,2.072381409122389,1.7273328462018938
342,3871.2800000000734,4105.550000000595,0.3200593567802486,-0.06590700141065975
343,4008.3500000000895,4109.349999999431,3.5118566378426164,1.2669485027622263
344,2028.4200000003436,4111.009999999874,2.2804262131137114,1.9873948272945774
345,3957.780000000397,4114.240000000247,2.5056587838280833,1.7414479342358704
346,1913.9099999996433,4117.989999999491,2.869188487223869,1.9576901091434677
347,1894.469999999646,4118.049999999692,4.250397167583851,2.753416831452685
348,4741.84999999901,4118.259999999721,0.4422495502882413,0.36495186726090617
349,4164.039999999977,4118.519999999868,2.11889313426191,1.3458743709047345
350,4047.750000000176,4119.090000000729,8.514503858105384,1.477195843968075
351,3956.5600000002073,4119.800000000263,8.664748541331557,7.3952020166515355
352,4087.489999999476,4120.499999999394,10.78584366647691,4.844246032549302
353,1789.4499999999946,4121.230000000084,1.6942224957394798,0.547737716595118
354,3980.0699999999997,4122.420000000116,2.1315997270719302,0.8962169038472041
355,3853.2499999997876,4125.289999999195,0.48544983378392764,0.20560984946247218
356,4085.989999998883,4126.159999998354,10.572328864062003,5.612567879800424
357,4056.339999999586,4131.639999999012,16.396180742155845,5.817163132020632
358,5110.619999998705,4132.870000000336,0.9945953981298588,0.8607986661017795
359,4203.110000000614,4133.380000000131,3.1659833055260713,1.699739510220918
360,3731.939999999937,4133.57999999978,0.40955558222286254,0.2991971297160615
361,1571.1900000011588,4133.889999998916,0.8849619966741522,0.8898919508722473
362,5002.010000000501,4136.85999999968,0.5711926763532078,0.43463794583199233
363,3620.15999999973,4140.040000000424,0.7151194529527704,0.3751995063111575
364,4924.0299999994695,4150.820000000087,0.43155143356726405,0.2527748860064659
365,3670.529999999876,4151.339999999593,0.3004267581444952,0.19342429237658387
366,5025.139999998954,4155.030000000044,0.7575569386808007,0.6123130131225915
367,5684.470000000728,4155.2400000006755,0.42049078506990684,0.36442534498785745
368,5112.350000000721,4156.079999999218,0.7547917457601868,0.5426065497265092
369,4055.410000000505,4158.890000000921,24.532955233717438,13.996921293247455
370,5302.549999999909,4160.210000000245,0.6642220189551548,0.4878355869522633
371,3961.1300000003102,4161.2600000007615,7.954971981922047,4.250667538041802
372,3880.9600000001424,4161.920000000237,0.8370052876040515,0.31486510764973485
373,3938.910000000074,4163.799999999868,13.724736294770434,11.295187019319702
374,5736.940000000493,4164.36000000022,0.16444909749579587,0.06285709087808236
375,4534.059999999601,4165.260000000587,0.17345195175118977,0.11804000887849367
376,3637.880000000192,4165.770000000586,0.11543696901178505,0.047010778169137304
377,3948.218764216551,4166.141364012808,8.212485036296274,2.493560667729671
378,3942.56000000007,4166.9299999990135,41.0889558979365,37.22513393042539
379,2962.1199999991723,4167.280000000586,0.48643078340136936,0.6070267629594074
380,1741.4200000000435,4168.590000000256,0.7382308726777803,0.179498477036517
381,5272.710000000431,4172.359999999936,2.426648149152216,2.2235867635618654
382,5413.979999999425,4174.1600000002345,1.629832250373462,1.6281016594302598
383,4062.659999998901,4174.779999998975,13.433501517947356,4.19115267178571
384,1909.7700000005966,4175.810000000328,4.407286195413309,2.805899198279919
385,4195.770000000203,4178.580000000172,2.771427793868763,1.2445169496632253
386,4091.1199999989076,4178.749999999163,7.193023215379565,3.61240908026859
387,3894.3399999996723,4184.079999999001,2.922127075569651,1.1331980066247656
388,4044.749999999365,4185.249999998833,12.413223507178964,3.2955158431314224
389,3997.54999999984,4186.089999999338,13.41262457787635,5.481757400007496
390,4037.9100000004573,4186.400000000292,25.3768849168548,14.637359961012947
391,4189.989999999862,4188.219999999463,2.2624204293737034,1.0469923705107238
392,3923.269999999762,4192.319999999748,20.38105151554675,7.280491566171875
393,3982.379999999321,4193.719999999258,31.557649105647435,23.025680171031933
394,4552.539999999954,4194.9000000006345,1.1099987043608845,0.9935425108644098
395,4033.570000000309,4195.000000000487,17.48569912411104,7.2744616470260315
396,4177.580000001127,4195.070000000866,2.935968492145879,1.8171244851049086
397,5005.100000000506,4195.080000000138,0.27478409911714813,0.12850099847883997
398,3637.669999999724,4202.4000000000815,0.20465137316301557,0.10553216623304892
399,3964.3200000002,4204.950000000341,15.98614589403615,5.665903652282301
400,3903.679999999692,4207.18999999867,26.10767907997515,11.893476043101336
401,3911.43999999927,4208.649999999243,38.84089267657497,18.51491320331477
402,4033.420000000011,4208.920000000412,30.423712598962762,21.773425284391813
403,3895.2000000000558,4212.770000000166,11.7453400082189,6.512355174424436
404,3874.310000000053,4218.310000000061,5.548838417196678,2.4650233971572364
405,4067.4100000000044,4219.249999999931,3.344702269651324,0.8874451853391352
406,5013.979999999838,4220.789999999715,0.612336841514443,0.4205144586565257
407,3954.490000000397,4221.580000000951,11.06736819796178,2.4056602915630574
408,3970.0899999999847,4223.179999999633,13.737848043357173,4.776030802371482
409,3902.900000000564,4223.700000001006,23.7625883543335,8.823242338858256
410,1758.4299999997277,4223.970000000206,0.8561956719889698,0.2598076011405449
411,4037.6599999993005,4228.269999998801,27.192670879251214,21.929880903610098
412,1882.0200000000993,4233.300000000116,4.47523801215895,2.8825259085754116
413,3971.449999999592,4237.069999998108,15.322902799469782,6.4782706801719225
414,4122.880000000225,4239.190000000203,3.4092580054893435,2.050471230931856
415,3926.1100000000893,4240.079999999477,26.81814724489039,14.146327435588985
416,3933.4499999998907,4243.309999999854,43.50575395581019,32.62994851392194
417,3927.920000000085,4245.490000001385,21.662793293658076,6.56535138323137
418,1862.8099999999433,4247.110000000101,4.878686745968247,2.9590532261212035
419,3891.7499999999172,4247.730000000248,13.798426470481248,4.770926314338496
420,1720.9099999999821,4248.320000000248,1.5675353858066046,1.1311244991528917
421,3812.5800000001095,4248.570000002411,1.307781996445093,-0.1288549584848908
422,3786.7300000001,4249.040000000073,1.1096314291792702,0.5836123394927937
423,3961.809999999794,4249.1200000002245,59.50935710691884,47.63748805512027
424,2060.3200000000097,4256.300000000374,7.888838186211896,6.469000586676781
425,3904.3799999998637,4256.640000000056,14.843678571323967,6.699340140286278
426,3761.1499999999737,4261.73999999995,2.739358394937453,1.9266628355681792
427,3962.9400000001165,4262.210000000062,20.1003156657692,6.2742584541441335
428,4004.6199999999367,4262.550000000239,8.303625105777751,5.114078325243231
429,1923.2100000004295,4262.740000000846,12.635037371211402,10.521641030559412
430,3954.4800000000423,4263.599999999737,20.22126465080482,6.188946944333658
431,1737.4899999985835,4268.639999999365,3.1342996322317234,2.471522372784256
432,5168.179999998787,4269.4399999993275,1.1447591762168399,1.0840531083654454
433,3973.9899999994495,4271.479999998357,24.326730262030406,14.310805315833418
434,3727.9199999999246,4274.080000000477,0.8804218262377329,0.4226136209626699
435,4051.8599999994967,4274.680000000148,2.8585744947050284,1.4573333225400436
436,3975.3199999994595,4275.15999999962,24.207604766442863,15.562286036616271
437,5418.290000000442,4276.899999999736,0.2527645359996998,0.24081790150584903
438,3955.3300000008726,4278.720000000964,17.566767054458822,6.029199454423285
439,3961.4200000003048,4280.960000002064,17.580090806317795,8.030643200900162
440,3947.349999999037,4282.619999997603,16.761061795579973,7.355762694366138
441,3718.6399999998994,4285.489999999148,6.145543976188108,4.988668078223367
442,4113.679999999524,4286.849999999764,1.2678679476739214,0.3596708958612961
443,2950.7700000013183,4287.959999998942,0.09185833326955953,0.3097458669427742
444,3802.979999999907,4288.179999999094,4.92995951541517,3.1780245316052786
445,3909.559999999943,4291.149999999986,8.514990742031584,2.7999428957148353
446,3794.169999999863,4291.720000001255,2.8164940546619843,1.063395383888431
447,1978.6599999998198,4291.849999999681,5.685794005962837,4.321157150743151
448,3708.870000000249,4293.860000000319,9.428783184057306,6.992622736036127
449,3714.079999999846,4299.969999999448,14.873353650042151,11.286098381798467
450,3825.709999999559,4300.369999999563,7.502707070922022,4.532472355169583
451,3966.5299999999506,4302.529999999631,7.214427473434179,4.104302117509354
452,1968.1700000002959,4304.270000000266,5.2352236697714005,4.217716723688634
453,3880.400000000173,4304.369999999859,21.363691258558717,14.691323490676073
454,3969.4999999999804,4304.600000000088,8.804514147314526,6.065995450001484
455,3904.169999999714,4312.399999999498,8.228967936694996,3.9189369487757197
456,3566.4700000002517,4317.649999999021,3.222954346214147,1.3346075180176777
457,3545.849999999941,4325.19000000027,86.79919575459138,71.16128028121423
458,4577.209999999983,4334.159999999805,0.1681540238196666,0.16241734893270252
459,3880.399999999754,4337.259999999215,13.437627900427445,10.476749493762835
460,4193.739999999837,4337.75999999999,1.2271101151187211,0.9255938980665948
461,3542.4100000000694,4346.459999998695,164.50638018647976,150.17017324598507
462,3810.4299999999143,4351.809999998229,6.3925873232891615,4.846825480561012
463,3839.0399999997717,4352.059999999695,3.9569188657708434,1.613339644826528
464,1859.8700000014346,4353.929999999911,74.76956000567436,65.13551425862171
465,3861.2900000002624,4355.420000000184,5.255821980950321,2.3245019160007163
466,1875.959999999886,4362.479999999944,16.417041332037915,12.95472685153097
467,3850.0700000000697,4364.290000000128,5.251475078610694,2.353517972276517
468,3519.6599999998516,4368.480000000155,13.03144152840945,7.000025312125935
469,3650.559999999849,4369.63000000119,5.9705524244278285,3.9140501616196905
470,1976.2299999995887,4373.14999999971,57.92721517075069,51.7197323397631
471,3842.2499999996658,4377.169999999414,3.6174354943855156,1.5748018822223444
472,3467.15000000052,4377.979999999684,5.99238649389593,4.785447058149605
473,3866.9699999994623,4378.149999999031,5.339189054740251,2.944451799224166
474,1861.3100000011927,4380.129999999428,10.664237575176017,8.648122618432716
475,4048.799999999586,4381.489999999897,1.0117041065599244,0.32963545173126285
476,3807.5699999998715,4382.749999999558,4.841460648098565,3.6188135449448424
477,1975.6800000000082,4384.620000000145,26.27577429280617,21.08508141419568
478,3666.650000000248,4386.040000000152,42.13738655512969,36.154318447184664
479,3863.6300000002216,4389.620000000704,3.796166104352468,1.843218218176917
480,4559.999999999421,4391.229999999972,1.1462525827809114,1.0546477072301514
481,3643.4099999998602,4393.069999999621,3.5047773576362506,1.4869369533868495
482,3889.280000000035,4393.230000000291,5.455495147307351,3.5564385416228044
483,3766.9600000000287,4407.6499999996695,2.297097153900331,1.0937259274928182
484,3483.170000000158,4410.150000000177,3.786762103741347,2.3226981734077485
485,1957.9500000002479,4423.360000000715,26.201913892258588,19.837820086686712
486,1566.4300000013227,4423.579999999836,2.860593660202378,2.035967664499686
487,4295.299999999628,4425.409999998322,-0.008203683403658074,0.06450452717372782
488,3647.6900000000587,4430.259999998454,1.1384745615008787,0.09071727834157906
489,4024.729999999857,4431.50999999987,2.2967179944835956,1.645508695379538
490,3653.8599999998273,4436.489999999614,3.723946778901701,2.7331946149201425
491,4993.5999999997875,4443.369999999908,0.9650139568519481,0.9297607808042343
492,3261.230000000116,4444.089999999542,3.8762700230245097,2.630088617332622
493,3729.169999999949,4444.929999999698,2.7943243569553617,1.8940147040388453
494,3753.5900000002093,4448.399999999718,2.2812259712821312,1.4774303373733333
495,3636.760000000114,4451.630000000232,1.7010510635587945,1.179955336893007
496,3942.3100000002164,4451.839999999967,0.6585331876217361,0.11970970263794267
497,2418.909999999352,4453.469999999687,0.6215170410826075,0.5370314446612565
498,3210.1099999992166,4456.870000001015,0.7446654966343844,0.07092412261325065
499,3193.3399999999856,4463.480000000085,0.9968117717667211,0.36861403360940037
500,3215.549999999688,4468.730000001491,0.7167924183708602,0.4659887831870383
501,3788.159999999683,4477.829999999759,2.335728627694327,1.7160039940186755
502,3867.6600000002777,4483.140000000772,0.7793251763547695,0.14342041124884108
503,4554.549999999882,4484.430000000355,0.5895418743256085,0.5291613701152464
504,2706.7799999991303,4488.029999999771,7.9259129862661855,7.117831353485474
505,3138.850000000476,4492.069999999284,1.9716353520057361,1.4325413793207584
506,3108.639999999232,4497.120000001096,1.7839811959699692,1.1460764228928237
507,4287.190000000311,4498.8499999997275,0.11861397276914518,0.15197357837633532
508,3771.4799999999436,4502.4499999999425,2.155611137305211,1.6688256379695385
509,3012.830000000478,4506.929999999391,4.813857302179287,4.068092726045548
510,3843.7200000004323,4513.980000000653,0.8944796866401565,0.395064125028837
511,2974.6299999995754,4514.900000000182,14.180670265257902,12.856988843264972
512,2765.9600000001014,4517.489999999895,2.2649922215785168,1.903337888286746
513,2103.8400000001707,4522.2399999997115,0.5705658928078282,0.46446960823742967
514,3686.74999999977,4539.7100000012015,0.8337135463889692,0.2748543098985611
515,2338.8800000001593,4541.340000000657,1.9137543593558324,1.2954031131729966
516,3029.0700000011884,4541.66999999902,7.347119134650834,5.758297035570168
517,3025.150000000852,4547.479999999249,6.785457111378532,5.19794129281255
518,3056.8999999997213,4549.409999999762,6.164048596342171,5.073174974402868
519,2452.6699999998077,4557.430000000208,0.568134715039012,0.5356462244829746
520,3598.440000000003,4563.069999999886,0.5976533369901675,0.25084084596641515
521,2997.419999999687,4607.090000000319,0.5420761024371628,0.3510822461592746
522,2463.9399999998805,4612.770000000227,0.3185076236440782,0.287031865923857
523,2156.460000000399,4627.249999999398,1.311565012528953,1.2131723960472522
524,3444.5900000001557,4631.590000000341,4.705374367481918,4.30663472148373
525,2631.9700000003277,4640.390000000616,2.570881668293417,2.494709384737773
526,2058.3600000017495,4641.309999998105,1.4505369327252744,1.242617131825282
527,3209.890000000746,4643.799999999313,0.28161147359889943,0.2170051140046985
528,2013.7999999999925,4646.5699999998415,0.45474786979685194,0.29497346945461544
529,2084.6299999991397,4647.640000000518,0.33431599172404686,0.17610416929230951
530,5230.189999999399,4649.82999999988,0.11953383145210934,0.025181235870638086
531,3653.2200000002626,4670.319999999666,0.24382052989636774,0.10643229887365366
532,4763.659999999946,4671.5599999989645,0.5757758582958091,0.47863540021153156
533,2085.120000000191,4682.699999999312,2.770936536094233,2.3234454845014616
534,4352.409999999955,4696.119999999425,0.5930285867789409,0.4956813422983227
535,2688.4199999989846,4705.750000001068,0.7405628223198499,0.6473651040093669
536,2093.839999999046,4708.510000001335,3.898237162930173,3.1418334975099467
537,3432.389999999916,4746.609999999112,0.32279389416475196,0.35199553110157156
538,2915.370000000688,4749.279999998968,7.1384167900396935,6.729811084074792
539,2060.1800000000862,4772.709999999766,1.5974688239421337,1.0632098072124787
540,2147.2300000003665,4789.650000000083,2.4956992878653645,2.200504000436757
541,2802.430000000224,4795.0600000004115,0.7211733015399735,0.571971579855098
542,2822.580000001063,4815.0499999998765,0.6450689806997331,0.6524069368236309
543,1334.5899999990888,4822.060000000789,0.16057249645463537,0.24702357305469652
544,4101.600000000402,4832.7900000002655,1.6472879017972129,1.5627889226012728
545,1797.8099999985197,4841.500000000486,1.4752913552750868,1.0215578566879129
546,2303.080000000351,4845.5699999999915,0.8625680084446273,0.6507157608624463
547,1587.5099999995996,4851.909999999954,5.485873121492795,4.69439418110372
548,2231.7699999993256,4855.900000000248,0.79816412959557,0.7028245997386104
549,5227.049999999863,4860.460000000213,0.24475783232841986,0.2586477216180615
550,1762.5699999988701,4861.9000000003725,2.0525400350415697,1.2892086683919228
551,3779.710000000119,4872.059999999713,1.6966783232760931,1.6421991896357886
552,1785.57999999985,4878.3100000001805,0.9698716465590727,0.38400956387459084
553,3599.9699999999657,4878.90000000053,0.19619072094998333,0.36234421068689815
554,1753.0400000004938,4900.4999999993115,0.5419184437881529,0.5155406571388896
555,3594.9099999999194,4903.1300000002675,0.42296820357154,0.394727945194282
556,5060.350000000788,4906.1399999997475,0.001335963642943382,0.10033581693849494
557,3162.71000000045,4932.77999999926,0.8539008554130162,0.8064248452066268
558,1938.0100000002603,4938.859999999035,2.3903153658081764,1.7135324797701443
559,3517.6200000001195,4955.62999999852,0.45010541184731034,0.3209016515692259
560,4029.3799999998964,4975.340000000336,0.2197724565852821,0.14743057824996167
561,3978.8299999996757,5011.339999999905,6.458943892966708,6.158617473040122
562,2452.880000000854,5026.869999999448,3.010384147253829,2.7595574330743884
563,2695.6799999994473,5031.550000001032,3.7467158862162564,3.6196088093877394
564,3076.1999999999434,5032.009999999895,1.725590586557262,1.5750301650770864
565,3379.4399999996585,5041.3000000007305,0.3381853986476848,0.34089115749054416
566,2457.6500000007045,5045.069999998924,1.147627674986064,1.0096645639715767
567,2013.0100000005243,5049.009999999025,1.1421100848744277,0.6558941873220985
568,1982.9999999994086,5051.599999999329,0.7668587820694841,0.6857945180117875
569,3023.9600000003907,5053.589999999626,1.6027741101217499,1.4655418788313366
570,3596.339999999901,5069.969999999266,0.6585840312745614,0.6158970794316758
571,3061.6499999995713,5074.870000000616,0.959582972527553,0.9799569799524559
572,3016.0899999995504,5076.870000002121,1.6747466700473632,1.5280001403682324
573,2716.6399999995547,5082.7200000018765,1.91524688944401,1.6843896858405552
574,2615.920000000253,5104.02999999977,2.195949011246144,2.119271599632746
575,1768.4699999995264,5122.449999999924,0.6489939732352122,0.7299830257486175
576,2659.0400000002,5127.580000000562,1.9060155027715249,1.8256297401189925
577,1849.6800000006772,5130.430000000188,0.4463779230240999,0.38157614098119813
578,3006.8099999996753,5141.169999999857,1.828005173225012,1.6428291256364935
579,2284.7000000011217,5151.689999999759,1.2967928896516514,0.8997342652633327
580,1867.8899999993773,5157.55999999992,0.8611775673743771,0.8863214045675498
581,1884.9500000001497,5160.010000000006,0.44609981991102715,0.4571842991783664
582,1918.9799999997838,5177.490000000093,0.31205270593398665,0.3453443399327436
583,3727.6099999999997,5183.179999999534,0.4585332727921762,0.5459431254205359
584,2452.5900000006504,5192.779999999796,1.6391602150234355,1.553114948972727
585,2415.9000000011074,5196.359999999724,0.6329513516196984,0.5323314131039517
586,3806.6499999999223,5199.499999998871,8.332590598867341,8.012900105789383
587,3240.3800000000106,5205.070000000401,0.32516177288284015,0.3341786125618341
588,2189.1700000003852,5207.539999999837,4.073319746642189,2.8444840084726914
589,2141.3099999996202,5217.720000000054,16.093000130953815,11.734425354773764
590,2171.9400000013034,5252.539999997799,2.9592896425116675,1.8577742161099216
591,3136.0600000005243,5255.059999998044,0.42598013973598486,0.4308368002753905
592,2245.080000000783,5291.6599999996215,6.48677251562879,4.811955550951081
593,2272.3400000001784,5302.619999999654,26.23252131371964,20.251969518497713
594,2251.230000000297,5321.7599999997965,4.539257426374483,2.7226605271934123
595,5047.239999999215,5332.219999998924,0.2559668979453255,0.28946908540019334
596,4471.02000000057,5350.030000001245,1.2745010642816732,1.0989255219184473
597,2803.6700000004107,5351.9299999995,0.8720325266819418,0.8290939002643712
598,2617.689999999182,5371.280000000792,0.32173869192439136,0.2875612361133146
599,4334.210000000299,5427.420000000123,0.15948353039011515,0.24270886384788373
600,4133.559999999779,5438.289999999747,0.14605772801090586,0.24750759750803777
601,3117.3799999996963,5439.160000000153,0.2288934486489918,0.2541181223064705
602,3522.0899999999406,5440.069999999903,0.6567223153890167,0.5414760048833106
603,4924.010000000746,5477.8300000008785,0.5589105285124935,0.5329824874997983
604,4719.670000000076,5514.320000000611,0.44599974598232345,0.4024936624193137
605,4786.239999999965,5538.230000000555,0.6622079042701151,0.6750142452484774
606,4739.690000000077,5555.120000000346,0.7782178048666927,0.7967117010631306
607,4823.150000000343,5564.300000000339,0.5131005442739602,0.42720155247616143
608,2943.170000000314,5565.229999998946,1.2618892844699436,0.6739527605423717
609,2928.1899999999555,5565.650000000831,7.971835066143575,7.0659160001439165
610,4082.720000000139,5568.689999999772,2.5060233902817637,2.4232213258377056
611,2923.2800000005454,5582.469999999183,13.190593382822938,11.603969265491319
612,4547.780000000232,5604.7800000002935,0.6884220306548456,0.7418060940410786
613,4359.010000000354,5620.470000000011,1.2375016073172516,1.243020053319821
614,4825.38000000037,5637.679999999639,0.37023943531221926,0.22935211490410154
615,3133.5699999998037,5644.169999999699,0.24356288642566806,0.3827228516825103
616,3410.4000000001197,5661.640000000237,0.758560990676807,0.5133371357075136
617,3918.809999999841,5699.370000000368,0.17562293290605446,0.30456765720567924
618,4909.519999999924,5742.920000001116,0.3965537944610781,0.3498698658880681
619,3611.3100000002114,5773.109999999473,2.913024200985546,2.8694514610231727
620,4523.219999999506,5795.739999999216,0.11907993663504127,0.22969583053959558
621,4057.3500000001964,5815.470000000065,2.1130826850692865,2.0601284928460557
622,4013.0899999998855,5864.52999999959,0.3127730078861994,0.34586426018968297
623,4733.160000000362,5870.030000001243,1.1656788871035022,0.8311042324633282
624,4459.350000000088,5960.310000001571,1.5670534455307192,0.9501536481494093
625,4455.949999999712,5970.599999999871,1.5046396079290283,0.9458142409179914
626,4989.230000000148,6037.010000000038,0.590867207054789,0.47771965734232275
627,4785.180000000424,6114.170000001437,3.979493803674192,3.3912290945563894
628,4794.67999999997,6116.33999999934,1.4203467610538074,0.9148779487174409
629,4732.610000000229,6126.160000000404,2.1592730413206467,1.8911716521073665
